1.964158830152783412e+04,1.834307588290084823e+03,-7.559799138945586492e+03,-6.252273301872492084e+02
5.264242690591885184e+04,1.716793352708498423e+04,-5.005305521755429800e+04,-5.818523321821878199e+03
1.538324516874714755e+04,6.784209934118919136e+02,-1.491162415359438000e+03,2.207133357143511034e+02
1.258531470223998622e+04,-8.714434629222754438e+02,3.774154205877334789e+03,8.242052104785391293e+02
1.236770122014312255e+04,-1.151760141495426524e+03,3.313161444611812385e+03,8.107188025301070411e+02
1.637541802423011723e+04,1.231726114640324340e+03,-1.877229652711070230e+03,2.908424814191869245e+02
2.478342295553315125e+04,3.664033318019996386e+03,-1.200595374056294531e+04,-1.090608856217852008e+03
2.028453829028982000e+04,2.001301177085222889e+03,-7.983592724389039176e+03,-4.528165984364918586e+02
1.897985513821645509e+04,1.400455152189954106e+03,-5.644240228157293132e+03,-2.111939154372114444e+02
1.588906228273355009e+04,2.686146998585096526e+02,-2.131880813081731958e+03,1.483888616445890989e+02
2.457427352385235645e+04,3.623098819320111033e+03,-1.163560632934446767e+04,-1.038992286655995485e+03
1.821337041248303649e+04,1.874218888668154250e+03,-3.267274846292442362e+03,7.539035508614756509e+01
2.771603044370540374e+04,4.911283678583143228e+03,-1.545749314859542028e+04,-1.491615005625199956e+03
8.591900337524194038e+04,2.962999525017155247e+04,-9.647206801947344502e+04,-1.110115874638133391e+04
1.656484657109490581e+04,1.071098402609017512e+03,-1.700586208787369742e+03,9.669724197643245134e+01
3.517759006717069860e+04,7.815541732960577065e+03,-2.726172112435283270e+04,-2.910863904463081781e+03
3.522691869019499427e+04,9.688842219037062023e+03,-2.579712035417593506e+04,-2.711795322769259656e+03
2.220264721300264500e+04,2.664902227024290823e+03,-1.062898503533121402e+04,-8.020700429518547026e+02
1.456017941236667684e+04,-3.499389854175120718e+02,1.548674451756826329e+03,6.860767955562397447e+02
8.935534508879970235e+04,3.243001871998716160e+04,-9.821242306156471022e+04,-1.151424482276046183e+04
2.711148525837676789e+04,5.344434343440786506e+03,-1.474318524742557202e+04,-1.333349548267409773e+03
3.302609946387077798e+04,8.037260302973989383e+03,-2.275263884316398617e+04,-2.285075765070547277e+03
6.926657308271346847e+04,2.389281627499305978e+04,-7.069057262793673726e+04,-8.049479129282004578e+03
2.405250819532683454e+04,3.265663334641118126e+03,-9.541699783969981581e+03,-7.228052482349776255e+02
2.875288648794211258e+04,4.227161392147791048e+03,-1.478832358317325634e+04,-1.099655889199321791e+03
3.043571063284307093e+04,5.019118712127989056e+03,-1.795792928255466177e+04,-1.499577772761751476e+03
7.928885052450644434e+04,2.547979686338218380e+04,-8.275953552511997987e+04,-9.440558034955840412e+03
5.312256674273454701e+04,1.631706937166302305e+04,-4.609672348425978271e+04,-4.978855196385102317e+03
3.408580264040576294e+05,1.358597540318286046e+05,-4.433382528862932231e+05,-5.260167998899309896e+04
8.976434151982354524e+04,2.551399717962617069e+04,-1.002651534520221030e+05,-1.161623198213212891e+04
4.084447265710992360e+04,1.079080362192721441e+04,-2.690460057780946227e+04,-2.818847225922756479e+03
7.093336351482142345e+04,2.263075372185295419e+04,-6.970316560174705228e+04,-7.858607553954316245e+03
2.110669483491374922e+04,1.161977243573693841e+03,-3.236048269322474880e+03,2.162203563501393546e+02
1.777565434537614055e+05,7.770064033838722389e+04,-2.096621986077714537e+05,-2.439693769722450816e+04
3.018140643454169185e+04,5.316333632464876246e+03,-1.392565666376092304e+04,-1.130657463556372022e+03
3.714016010214169364e+04,8.342721178131154375e+03,-2.144570968386612003e+04,-2.140882367332123977e+03
6.060937611455400474e+04,1.680257117305791689e+04,-5.528943188393593300e+04,-6.122645294554695283e+03
4.948007227567455266e+04,1.239475814319831625e+04,-3.955288428079907317e+04,-4.161838491153612267e+03
3.338042785734892823e+04,5.514596346215335871e+03,-1.636277728190285961e+04,-1.550498553177968461e+03
4.056318519405850384e+04,7.505265794403096152e+03,-2.763739892074661839e+04,-2.835180393447521055e+03
5.640609746507075761e+04,1.732588878882926656e+04,-4.925128824272652855e+04,-5.303611267290132673e+03
3.336565690820018062e+04,6.787758170230124961e+03,-1.905858331447892851e+04,-1.597594164767410803e+03
2.908156251236245225e+04,5.303622705829337065e+03,-1.158756066554214158e+04,-7.776573537730810131e+02
4.636591797338448669e+04,1.190505042077166763e+04,-3.536670850730439997e+04,-3.693846458515463382e+03
4.599698691401648102e+04,9.831855486444212147e+03,-3.626368723911321285e+04,-3.805581017240119763e+03
6.140151818836988241e+04,1.647182480832035435e+04,-5.699380780176461121e+04,-6.465065381865380914e+03
5.016663914494173514e+04,1.391755280088264408e+04,-4.263673741944031644e+04,-4.434132599278280395e+03
2.367906414234322074e+04,3.231253356975792030e+03,-8.690711173366042203e+03,-6.188526236962816256e+02
4.962867425401171204e+04,1.596472433427466240e+04,-4.435193860481690353e+04,-4.712692961170083436e+03
1.962773092024805374e+04,2.242101052638930014e+03,-3.153285365885595183e+03,1.695377850739841961e+02
2.396903958927281928e+04,3.110652216953885727e+03,-8.870706698433918064e+03,-5.689439903864167718e+02
1.960204718205887548e+04,2.205895418549854639e+03,-2.793992256491461831e+03,2.559604422750055619e+02
1.949607011384457655e+04,1.501213997912903096e+03,-2.951551827932034939e+03,2.130561820892201013e+02
2.765922243775431707e+04,5.549905087665277279e+03,-1.271700232560461336e+04,-1.004141471583096063e+03
1.417100933709107630e+04,-1.407854043014202489e+03,4.483783198154712409e+03,1.108160809191044109e+03
2.973258507863030172e+04,6.094371480509466892e+03,-1.625289225809745039e+04,-1.318091569683218040e+03
4.246621490183455899e+04,1.046904033064519899e+04,-3.335482141770823364e+04,-3.476835499334672932e+03
1.437133636653777285e+04,-1.111465892171596352e+03,3.955622112964786993e+03,1.031036333179775511e+03
4.865423701309115859e+04,1.373570974346186631e+04,-4.139823609749121533e+04,-4.409651235297891617e+03
2.785008511398480186e+04,5.421378243667412789e+03,-1.335996385483338599e+04,-1.026085820290036281e+03
2.448872962064596504e+04,3.485800135187647811e+03,-9.218508294025448777e+03,-5.393104139732595286e+02
3.469444640163612348e+04,7.682989275684876702e+03,-2.227803733421767538e+04,-2.206406025391012918e+03
2.930725924477788794e+04,5.451201638508752694e+03,-1.479359789212078613e+04,-1.336772401177639040e+03
2.121819645968587793e+04,1.673884051606916955e+03,-4.723823512885881428e+03,-3.156443473208582873e+00
2.042954187103361255e+04,1.723859343436663949e+03,-5.423938463337845860e+03,-4.886119758246377387e+01
4.565277061069598130e+04,1.277621440864241413e+04,-3.787297738339433272e+04,-3.919512641054403502e+03
3.817067221108672675e+04,8.527137275914412385e+03,-2.795072542768043786e+04,-2.743466776032539201e+03
1.401026227233419377e+04,-1.435330405349267494e+03,4.687384080181696845e+03,1.203395079813719121e+03
3.665729955641199194e+04,7.710171230974314312e+03,-2.612641212500303664e+04,-2.538413425943010225e+03
6.929592509822352440e+04,1.606806938890320271e+04,-7.339011327572679147e+04,-8.384981083913084149e+03
3.591734151046962506e+04,6.794879704634007794e+03,-2.351940496675924805e+04,-2.302390763808867632e+03
3.373508538224487711e+04,6.272604991472873735e+03,-2.036913964039551865e+04,-1.878210417990760106e+03
3.350149658552210894e+04,6.439015706228006820e+03,-2.055706781712781594e+04,-1.946009607030508050e+03
1.727252199807676880e+04,-2.854092726592389226e+02,8.972155455722117949e+02,7.857835379791031301e+02
3.046628539027869556e+04,5.227143455124021784e+03,-1.547666154097221079e+04,-1.277789265652699214e+03
2.938871271418957258e+04,4.557434022773506513e+03,-1.408286058098345529e+04,-1.108186232896494403e+03
2.414450666099280352e+04,3.621675190746714634e+03,-6.509424552128538380e+03,-2.405616489790431842e+02
2.706983060123056202e+04,4.712808201369361996e+03,-1.135982862205807214e+04,-7.447603398672572439e+02
2.699396680100188678e+04,4.486911231531515114e+03,-1.086199784383244150e+04,-7.254229806539187848e+02
2.031688893576923874e+04,1.136707786908635399e+03,-2.319112647949386428e+03,3.046112498282191154e+02
3.532980498507017182e+04,7.195417230217462020e+03,-2.194656962798352470e+04,-2.190714295503908033e+03
3.308093955255085166e+04,6.053817503046559978e+03,-2.148956819964591705e+04,-1.941171406243610363e+03
2.135049219804253153e+04,1.775088350294372503e+03,-3.439518805729876021e+03,1.628347943167159428e+02
2.280880940558147267e+04,1.862014877554728628e+03,-5.334014725705432284e+03,-4.895670650887723241e+01
1.647237882099107082e+04,-7.908986710687277082e+02,2.614809040399559308e+03,9.586562519552817321e+02
1.759890876464464964e+04,1.230057707853801276e+03,-9.175761382885800685e+02,3.307034616469908315e+02
1.484068533624040720e+04,-1.966608659925298070e+02,1.659472850178883618e+03,7.010413046474531029e+02
2.164945891590809697e+04,2.668832282910572758e+03,-7.442473839262923320e+03,-4.142066880874426715e+02
1.938993562506124363e+04,1.582160552255534867e+03,-2.704640534329983439e+03,1.818345862897072038e+02
2.457242139101793873e+04,3.360600647831469360e+03,-9.179402242409425526e+03,-5.345617862011890793e+02
2.590595963940079673e+04,4.115218919898045897e+03,-1.064227152443108207e+04,-7.787083348277351433e+02
2.432126922853153519e+04,3.191966884065868271e+03,-1.128817417599976397e+04,-8.752835733305610120e+02
1.861504986960944370e+04,1.155517377998530719e+03,-1.362547458832974144e+03,2.566112289129004012e+02
1.670400483067341702e+04,5.601652285125999242e+01,-9.954267752172268047e+01,4.924755656834516344e+02
3.018971387720635539e+04,5.093980105256887327e+03,-1.732727755385297132e+04,-1.601780423953899117e+03
5.034938249566809827e+04,1.634656406357264859e+04,-4.233332374945554329e+04,-4.604785390918697885e+03
5.967788181401276961e+04,1.914808517570112599e+04,-5.449464285927158926e+04,-6.068656282341045880e+03
1.597079502337961458e+04,-5.919752113918596024e+02,3.071119861022103578e+03,9.610754562157137570e+02
1.108087084146072011e+05,2.351167572435234324e+05,2.238531072183070864e+04,6.972387398169026710e+03
3.862043611162901652e+04,9.220004713516356787e+03,-2.807552369973150417e+04,-2.735705357614047898e+03
2.387372779648980941e+04,3.053273144786193825e+03,-7.233507440217180374e+03,-3.236181614868373799e+02
3.250036337107656436e+04,6.362995020378881236e+03,-1.788912033252901892e+04,-1.753294582227991668e+03
2.781375439385973732e+04,4.608473195576943908e+03,-1.292766110304096401e+04,-9.945829446063980868e+02
2.339563511885489424e+04,3.535222576861483958e+03,-6.789261286146886960e+03,-2.864600586845231192e+02
5.394533770451103919e+04,1.641223952112813276e+04,-5.298385927427461138e+04,-5.937731947460248193e+03
9.018352190588813392e+04,3.267999069487518136e+04,-1.006775822686006723e+05,-1.168979165935424680e+04
6.835420225940937235e+04,2.267679431493061566e+04,-6.986030583034627489e+04,-8.043291805703938735e+03
1.487996778339571574e+04,3.331682523094909243e+02,-9.005701791177839368e+02,3.333807679278243086e+02
2.066518944632930652e+04,2.535934383486091519e+03,-7.245128969553543357e+03,-5.114065336010253304e+02
4.921255364200820623e+04,1.410444350297410710e+04,-4.369285816761737078e+04,-4.998802675100232591e+03
7.549444237825769233e+04,2.376014815022030234e+04,-8.388800039896999078e+04,-9.729598120446084067e+03
2.430394630233080898e+04,4.472097161675183088e+03,-1.113381141009414750e+04,-8.731465047505089387e+02
5.753379362755423062e+04,1.815368091867595649e+04,-5.527033985047935857e+04,-6.306688044194423128e+03
1.474720785039262955e+04,1.752922297756225589e+01,4.544468760684429753e+02,4.008046877055337518e+02
3.022859386917402298e+04,7.244819519211421721e+03,-1.980828341972935959e+04,-1.949112617000207138e+03
3.265397780436659741e+04,7.634501996479773879e+03,-2.648346227449050639e+04,-2.854156631218907933e+03
2.122969521294926744e+04,3.355159247938271619e+03,-6.694471804659788177e+03,-5.720539187395797853e+02
2.545902793009137167e+04,4.332058834023908275e+03,-1.571332376318569368e+04,-1.442960879797199595e+03
2.084352822803407616e+04,2.720810927790222649e+03,-6.920756245376116567e+03,-4.848548484271050256e+02
1.713142940863539479e+04,5.516291201449599839e+02,-2.586714553841242832e+03,1.421916493349624488e+01
7.353863203437591437e+04,2.447192821445681693e+04,-7.710350308674745611e+04,-8.806285239614964667e+03
3.795890767725781188e+04,9.450770130417382461e+03,-2.919019962718433089e+04,-3.042775189572535965e+03
2.064332522530777351e+04,1.630303436040383076e+03,-7.315844143390494537e+03,-4.093288093673227195e+02
1.456280955139700382e+04,-6.424517684905227952e+02,2.324885063051078760e+03,6.985876467854501470e+02
4.764564281072545418e+04,1.233812447471506675e+04,-4.365788656426756643e+04,-4.845163283856138150e+03
3.203669521369024369e+04,7.354229238570102098e+03,-2.087413120029127094e+04,-2.050540182800138609e+03
4.978183626113511855e+04,1.390928641800858531e+04,-4.555307616309552395e+04,-5.019856480734306388e+03
3.011464619227707954e+04,5.762366719116062086e+03,-1.947149366547961472e+04,-1.867543903254707402e+03
3.415660792471803870e+04,7.940997465033793560e+03,-2.582233781521101992e+04,-2.951381341554928440e+03
3.318911359877812356e+04,8.053680025991538059e+03,-2.471460629049946147e+04,-2.773906809035708648e+03
2.029105945466882986e+04,1.997939474288804604e+03,-8.069314370401114502e+03,-6.863655990753741207e+02
4.309544178392839967e+04,1.440357183455134509e+04,-3.682664245738282625e+04,-4.043790618379436637e+03
1.372765946903059557e+04,-6.857133230685298031e+02,3.078235846646739901e+03,6.924774052114210008e+02
2.950220621281607237e+04,4.908888795909595501e+03,-2.105958371850564799e+04,-2.108118523888152595e+03
3.317399325726222014e+04,7.539751338562104138e+03,-2.503307875904609318e+04,-2.758527843840029163e+03
2.297520492125483870e+05,1.225946612848365912e+05,-2.706691106157846516e+05,-3.167929626554786228e+04
2.461884916677814908e+04,4.446393114727863576e+03,-1.299599924055857264e+04,-1.260385998485007804e+03
2.104296578886563293e+04,2.383020806378265206e+03,-8.207577005677901980e+03,-4.579804464554781589e+02
2.533026080515662034e+04,3.765663705517808467e+03,-1.156023087362955266e+04,-1.057274576829189755e+03
1.984114502777232701e+04,1.446820349955838083e+03,-5.221654958724707285e+03,-2.046759736368605900e+02
2.395708594718602399e+04,3.328654151633431866e+03,-6.954709511937850948e+03,-6.698419717986289470e+02
2.455492504224686490e+04,3.928739731294387184e+03,-9.957403479429269282e+03,-7.760153262100625398e+02
5.539168857861876022e+05,2.322650118370372220e+05,-7.321458904268004699e+05,-8.748451462705602171e+04
1.013080130030330329e+05,3.364724535449680116e+04,-1.174553788729726220e+05,-1.353899447462421813e+04
4.123549090784644068e+04,1.094395125369181551e+04,-3.300949917914661637e+04,-3.448351842509582639e+03
3.188449956409099832e+04,6.675348284922786661e+03,-1.919635795874574251e+04,-1.744680337413886264e+03
3.414245891716791812e+04,7.347888994400922456e+03,-2.380779299030455877e+04,-2.317411627708112064e+03
1.466040970164639293e+04,-1.318767514614025913e+03,3.245594442340324804e+03,8.084294502337725135e+02
3.493284902101779153e+04,6.854194174710270090e+03,-2.325777926684786871e+04,-2.439228132193295096e+03
2.813123388665088351e+04,5.040214255999700981e+03,-1.520473364008505814e+04,-1.349606105063965515e+03
2.153642144563181137e+04,3.298753174791057972e+03,-4.986472995181515216e+03,-1.503839686163505576e+02
1.774117885762651713e+04,1.066115994430885507e+02,4.707533062289415966e+02,4.154692556804098444e+02
1.501162488232917167e+04,-5.487951071201382547e+02,2.296339819868227551e+03,8.207892571282548033e+02
4.249540865068855783e+04,1.178037937362360026e+04,-3.498364854352116527e+04,-3.604318637268292150e+03
1.624132144461423013e+04,5.053754784932679058e+02,6.101026412518704092e+02,5.912003633260785591e+02
1.829931364318070337e+04,8.281985380102133831e+02,-2.480963255269864931e+03,2.181951684644470788e+02
1.723525196256171694e+04,5.444425619926641957e+02,-5.419695052870960694e+01,4.643993824995252453e+02
1.683455210286557121e+04,-8.838120967985673815e+00,-3.262411401761596039e+02,4.747504889771569196e+02
5.318769350742456299e+04,1.348904950775813268e+04,-5.121207078560665104e+04,-5.669581231421012490e+03
2.656820160653101993e+04,4.596001669026246418e+03,-1.273258207633962593e+04,-9.698221225644429069e+02
2.159077757197761457e+04,1.286661113148757522e+03,-6.142107766698471096e+03,-2.129373975366049763e+02
1.481871879899915075e+04,-8.695463270254548434e+02,3.129489276130173948e+03,8.690234267053322128e+02
2.420949169351147066e+04,2.828456017420880016e+03,-9.881223534098644450e+03,-6.282757466894290701e+02
1.800067395361525996e+04,3.326545858269052474e+02,-1.275689015143901543e+03,4.067631335927493978e+02
1.807899361925698395e+04,2.755710652386670176e+02,-4.145910164516792520e+02,4.646914956752013950e+02
1.539774996252826531e+04,-8.952333706908682416e+02,3.289717193115562168e+03,8.890976745369528089e+02
3.721731524288036599e+04,7.738067017837496678e+03,-2.713460430042078951e+04,-2.833636803794515799e+03
2.063735826098594407e+04,1.330347663851835705e+03,-3.916020838859404193e+03,-1.302402204406712372e+01
5.292173795036292722e+04,1.451843298890775441e+04,-4.944629755307763116e+04,-5.386133823212472635e+03
2.663497459289888502e+04,4.312900505395123218e+03,-1.089241738509358402e+04,-8.462510854298625418e+02
3.878227804084110539e+04,1.145275194960482077e+04,-2.732330870786007290e+04,-2.664267950418550754e+03
2.016732799623729807e+04,1.212457191063653454e+03,-3.132565059946702149e+03,1.194350914699198256e+02
3.244726389594340071e+04,6.414639034916877790e+03,-2.091320513028997084e+04,-1.950664106574821744e+03
3.562842718218308437e+04,7.388323843896984727e+03,-2.468847556631969201e+04,-2.486482106379411562e+03
7.297526083396660397e+04,2.223054690035802560e+04,-7.558622702669490536e+04,-8.711299706296398654e+03
3.528298388031393552e+04,7.154160204523584980e+03,-2.511002804921776988e+04,-2.436193459313602943e+03
5.192711626857532974e+04,1.384869118341879403e+04,-4.484269738504308043e+04,-4.981600020990772464e+03
5.238143687577213132e+04,1.572103922132284970e+04,-4.586754168273269897e+04,-4.987046244640963778e+03
4.370641622631267091e+04,1.150710011807057163e+04,-3.346820800557900657e+04,-3.575620309570671452e+03
4.640830805529327336e+04,1.266798495390388780e+04,-3.781555771472101333e+04,-3.993276099711441930e+03
2.766743546225807222e+04,3.791262715795228814e+03,-1.177433186388993090e+04,-9.155651913780475297e+02
2.192006206012126495e+04,1.689632833737294732e+03,-3.936121090135330633e+03,-8.158532657018440659e+01
6.730930034036817960e+04,2.068842615348392428e+04,-6.832639070736094436e+04,-7.669976058762164030e+03
3.411358489408849709e+04,6.026222190613458224e+03,-2.237140147201238869e+04,-2.197368407103253958e+03
3.997991778516343038e+04,8.190783219557020857e+03,-3.032937324938812890e+04,-3.114416783204811509e+03
5.638272436571206345e+04,1.654290742911358757e+04,-4.993576382437780558e+04,-5.709525444570623222e+03
2.938506032489625431e+04,4.103958462012309610e+03,-1.492839125224911368e+04,-1.345020367984001496e+03
6.779048474665079266e+04,1.844503374529991561e+04,-7.070987556166967261e+04,-7.922407610812027997e+03
4.420530528401067568e+04,1.033113577422848539e+04,-3.150966651325830753e+04,-3.531233156670630706e+03
3.727018156371494842e+04,7.472049113885932456e+03,-2.477233968214160996e+04,-2.515514885075543134e+03
1.446061502201383992e+05,4.874208220534653810e+04,-1.754038675515060895e+05,-2.059124585440540250e+04
9.804694510749932670e+04,4.056950168108259095e+04,-1.043711507193989237e+05,-1.208463288521708455e+04
3.505608823931650841e+04,7.898689963093247570e+03,-2.413397905181094757e+04,-2.406560224804701647e+03
3.617186673262913246e+05,1.498126822885559814e+05,-4.569936149332420318e+05,-5.520178785974046332e+04
2.151326262000632705e+05,8.454445800098737527e+04,-2.661023617445597192e+05,-3.162989628239024023e+04
4.452451703672159347e+05,1.610477053209567675e+05,-5.995858822152139619e+05,-7.175924607807511347e+04
4.783208638452758169e+04,1.313936147128920675e+04,-4.067272700150594028e+04,-4.303069712019030703e+03
3.825281280366329884e+04,8.931037304701512767e+03,-2.687067032090750945e+04,-2.755317829664962119e+03
4.345217043024077429e+04,1.293393299409429528e+04,-3.154156441687655752e+04,-3.386965367969431099e+03
1.546482219413819548e+05,5.286003354169057275e+04,-1.897523143745421548e+05,-2.242796145940441056e+04
9.691800616705905122e+04,2.851520868174101633e+04,-1.108651969072986685e+05,-1.273410322034276760e+04
3.623156090134127880e+05,1.371961075906616752e+05,-4.737815584049161407e+05,-5.673754250924795633e+04
1.313350715989991731e+05,4.771225039787344576e+04,-1.531981247312943451e+05,-1.784252100555509969e+04
4.358230397846758569e+04,9.404113143722095629e+03,-3.195914680915020654e+04,-3.419854534639358462e+03
1.034283408849737607e+05,3.284255465430310869e+04,-1.163877212265708513e+05,-1.350214458951332927e+04
1.158600743287967343e+05,4.359042314927310508e+04,-1.284238186253968888e+05,-1.511611053613136028e+04
2.293499389731780102e+05,8.458780138355722011e+04,-2.907734364046311239e+05,-3.466725751958522596e+04
1.491351686515581059e+04,-1.208384594642939419e+03,3.543568870360263190e+03,1.045682776664434186e+03
1.458694110358695325e+05,5.334296052980113745e+04,-1.755258852926385589e+05,-2.061390072694177798e+04
6.938674662956746761e+04,1.953357005375501467e+04,-6.983917075298933196e+04,-7.773093691730064165e+03
5.941901939350812463e+05,2.228660674365874147e+05,-7.992206885691370117e+05,-9.611478122991404962e+04
1.290538361566089152e+05,4.315503398457652656e+04,-1.500783877596468083e+05,-1.769567816444304481e+04
1.470825946003044082e+05,5.739354278641664132e+04,-1.723494733644036751e+05,-2.011359899058181327e+04
6.876891704354898538e+05,3.059760185669115162e+05,-8.985441914172231918e+05,-1.069642329874062561e+05
7.195028690122741682e+04,2.289304151341989200e+04,-7.086351054010883672e+04,-8.024315970725474472e+03
7.450291865377199138e+05,3.073498072671718546e+05,-9.915573688548688078e+05,-1.187001954947045888e+05
2.081978725401908625e+06,8.385047085501415422e+05,-2.844976758048627991e+06,-3.421677617458514869e+05
5.847482432338700164e+05,2.093792094257327262e+05,-7.933932161714126123e+05,-9.543773349744832376e+04
1.948775685755911109e+05,7.185080487702098617e+04,-2.368398783878629911e+05,-2.818546632699645124e+04
8.687289275356335565e+04,3.140232037941340968e+04,-8.864102166946398211e+04,-1.027335371644528641e+04
4.212813217098079622e+04,1.118097621605757558e+04,-2.807269554742173204e+04,-3.031682565308548874e+03
2.228420018076785709e+04,2.032260555036856658e+03,-5.045131816153118052e+03,4.842248593543808965e+01
3.971352029300473077e+04,9.293303068915640324e+03,-2.627255259539737017e+04,-2.648198880070092855e+03
2.964121842765389374e+04,4.881526408161518702e+03,-1.529314206685652061e+04,-1.156040414289172986e+03
3.367095915808528662e+04,8.296382804928503901e+03,-1.816722229804238668e+04,-1.609393969552551425e+03
6.438982256779351883e+04,1.838986747526707768e+04,-5.997195612162244652e+04,-6.830713157855629106e+03
4.874504167329855409e+04,1.129615238455513099e+04,-4.027160417478967429e+04,-4.338362268297702030e+03
4.637719774534238968e+04,1.073428417988726505e+04,-3.536459114017670800e+04,-3.843484679714705635e+03
7.564192816178218345e+04,2.331432024008920416e+04,-7.840115779104240937e+04,-8.854299680964122672e+03
2.997000257205537491e+04,5.147194803244445211e+03,-1.431227382699616464e+04,-1.163228209566056648e+03
4.400016046959013329e+04,1.166800868727461784e+04,-3.394131524784915382e+04,-3.418788185075271031e+03
3.337992061860964168e+04,6.375634107516216318e+03,-1.916130224524962250e+04,-1.716488867189824305e+03
2.440783568241604735e+04,2.722447300447121961e+03,-5.669791852320741782e+03,-1.209066384383054356e+02
5.503114764699739317e+04,1.490212244845536770e+04,-4.876641717446458642e+04,-5.268979007363799610e+03
3.422163063228949613e+04,6.183085726553662425e+03,-2.056410897591085086e+04,-1.860736357729816518e+03
4.314874164694348292e+04,9.921640221587316773e+03,-3.244817024811365991e+04,-3.337926940064122391e+03
2.674773039342760967e+04,2.986488681053557684e+03,-7.767549796404900917e+03,-5.024299635411161944e+02
4.428513712533843500e+04,1.110092019803589938e+04,-3.440516696663200128e+04,-3.497728429757069534e+03
2.587240008958799081e+04,2.713739311959478982e+03,-7.718102991057355212e+03,-4.004585671398263003e+02
5.330369492893198912e+04,1.293345254561464026e+04,-4.717537845176191331e+04,-5.106051380170145421e+03
7.851735349741924438e+04,2.632390975526532566e+04,-7.412028179245158390e+04,-8.681665049806830211e+03
3.712189966946492495e+04,6.208807694440089108e+03,-2.224947066919537974e+04,-2.271396872581093703e+03
1.008078791753993864e+05,3.649152023441434721e+04,-1.086076366354920319e+05,-1.238126195268514857e+04
6.868454297486926953e+04,3.460022096442498150e+04,-5.546883834927115095e+04,-5.869533963506240980e+03
2.471233158559185540e+04,1.685924320078781193e+03,-7.344703525949043978e+03,-2.419688287677060998e+02
3.531080514396006038e+04,6.391522363767214301e+03,-2.070064687286290791e+04,-1.942488320691696572e+03
5.705234430574304133e+04,1.676647847850322796e+04,-5.012547995258851006e+04,-5.364665531707152695e+03
6.845019341656098550e+04,1.836757045516866128e+04,-6.749368031316927227e+04,-7.567972177398754866e+03
1.178490011011577735e+05,3.819402351543447003e+04,-1.369811087768472498e+05,-1.585872372133642784e+04
3.551897143808120745e+04,5.874947200348642582e+03,-2.059285108475598463e+04,-2.021403024934337736e+03
1.432766428220447851e+05,4.406255705460376339e+04,-1.746709854610838520e+05,-2.058677236816315417e+04
4.913133519207867357e+04,1.147479811792874534e+04,-4.003384589838102693e+04,-4.309182817862725642e+03
5.631060896578645043e+04,1.220053116961174965e+04,-5.186295085015874065e+04,-5.751600237737204225e+03
3.709778891787510656e+04,6.583914835937187490e+03,-2.107162764820003940e+04,-2.204512497041525421e+03
1.742634400373616954e+05,6.444577679501993407e+04,-2.107218194416406332e+05,-2.483703276880714111e+04
4.063187628067860351e+04,8.531656949558620909e+03,-2.586535075644018798e+04,-2.793748312423600510e+03
3.208014360878866137e+04,5.910221568638201461e+03,-1.488641707196054813e+04,-1.319743527866445220e+03
3.101338337110310094e+05,1.187981215480894898e+05,-3.968174464006276685e+05,-4.752955419990798691e+04
7.398042126506599016e+04,2.314865848300792641e+04,-7.245409401817052276e+04,-8.158016176289529540e+03
7.420880635543007520e+04,2.011596020372392013e+04,-7.428800316772291262e+04,-8.531142867539809231e+03
7.881076386637618998e+04,2.349673411414527072e+04,-7.898352917627773422e+04,-9.043779145322569093e+03
5.364289595408176683e+04,1.526322512602861389e+04,-4.407888634590075526e+04,-4.682849143710498538e+03
5.469638814046566404e+04,1.292962168847904650e+04,-4.712131682665680273e+04,-5.133863201931199001e+03
7.390707189661690791e+04,1.885410242420767463e+04,-7.547322912194339733e+04,-8.577100879894904210e+03
4.956001171942054498e+04,1.137370442027187528e+04,-3.982121536041183572e+04,-4.270578107388575518e+03
5.144820444730815507e+04,1.236843367159106492e+04,-4.223707275603947346e+04,-4.532963092143991162e+03
5.450217047437736619e+04,1.275682285607757149e+04,-4.788778946201502549e+04,-5.118876309037939791e+03
5.590824383036878862e+04,1.512754342684890435e+04,-4.735788722676784528e+04,-5.104948555817631132e+03
8.470849270471710770e+04,2.513664567429529416e+04,-8.872037898261695227e+04,-1.012069664168992676e+04
5.585691092408239638e+04,1.332581943788586977e+04,-5.019322436794485839e+04,-5.365438851793653157e+03
3.732445741387406451e+04,6.806368237318283718e+03,-2.276756155264053450e+04,-2.076652015086463507e+03
4.485432242077252158e+04,9.396726850099454168e+03,-3.330469924548091512e+04,-3.348908286138654148e+03
2.542431614022496433e+04,2.365209199711502606e+03,-5.252813273059198764e+03,-4.668903699601196422e+01
3.701511820408534550e+04,6.296342373360484089e+03,-2.287242149070279993e+04,-2.074612555306492141e+03
4.602710436424145155e+04,1.140364566689723324e+04,-3.449088046292770014e+04,-3.512611167234479581e+03
5.057632566502026748e+04,1.363257382122984927e+04,-4.118559265397038689e+04,-4.268788127724190417e+03
3.170166513582765765e+04,3.201865566651405970e+03,-1.676603677426543800e+04,-1.352315418254779615e+03
2.727983651073406509e+04,3.478754805136865798e+03,-1.020665913883664143e+04,-5.714519301239174638e+02
3.392508108606137685e+05,1.334066791978180991e+05,-4.358775276312985807e+05,-5.195837943979675765e+04
2.512596321313900626e+04,2.747520780565404948e+03,-6.170976825866427134e+03,-1.405822552148374598e+02
2.896948956144524709e+04,4.555886497033759042e+03,-1.342055448560441619e+04,-9.498181013233097474e+02
3.288747025272327301e+04,6.467610788798729118e+03,-1.737685379916857346e+04,-1.470945848434771506e+03
1.103105563753341848e+05,4.101493377444605721e+04,-1.223135370143404725e+05,-1.403392143760275212e+04
3.242697650264230833e+04,5.799754237128849127e+03,-1.627189697287278614e+04,-1.402294454782105277e+03
2.284612833035502263e+04,2.191452989024450744e+03,-3.868213954747769094e+03,2.385535595868075234e+02
3.078234782008792536e+04,4.415217800835262096e+03,-1.416045072362676729e+04,-1.128119085449303384e+03
3.958373222228956729e+04,8.769148099294245185e+03,-2.547021555632449235e+04,-2.547438599676153899e+03
2.275844881619026637e+04,8.937551240733100713e+02,-3.113454038882311579e+03,2.129440114544441940e+02
5.103611637524786056e+04,1.106468035678684464e+04,-4.227184638123439800e+04,-4.582204273783971075e+03
6.386240803864970803e+04,1.584237570688421874e+04,-6.288032148708166642e+04,-6.921456026797073719e+03
3.857209989586391748e+04,7.397366423154998301e+03,-2.385452109842310892e+04,-2.388051887663152229e+03
1.035197645735427213e+05,3.542117299931886373e+04,-1.124788845860052970e+05,-1.293796810438030661e+04
2.725722310045926497e+04,3.469260779243422348e+03,-9.700579208700699382e+03,-4.448339346840120925e+02
4.032644943915033946e+04,9.372942267442100274e+03,-2.528647518967262658e+04,-2.521563738396089320e+03
4.687695605301336036e+04,1.160788747155350211e+04,-3.633054907727961108e+04,-3.698765281524625607e+03
5.695570094890885230e+04,1.256735939551415140e+04,-5.017374269490776351e+04,-5.536317432327308779e+03
6.290450332629373588e+04,1.699790176343601343e+04,-5.579601789926743368e+04,-6.220391203893592319e+03
1.054809054494223965e+05,3.530862683175245911e+04,-1.158735244535006786e+05,-1.322760734546212916e+04
1.807660533477752178e+05,8.285926005376363173e+04,-2.054416689764823241e+05,-2.386274224950965436e+04
1.245064340371981089e+05,4.231965870792482019e+04,-1.418292693749163591e+05,-1.651551379664755950e+04
2.530226346211874625e+04,1.822207848552680389e+03,-5.786694437157905668e+03,-1.018982607021573585e+02
5.801295817376486229e+04,1.465539299208938246e+03,-6.161286080600861897e+04,-7.079051529489810491e+03
9.361681374065723503e+04,3.228312237473254572e+04,-9.898551551897957688e+04,-1.115067945063078514e+04
3.312861738054698071e+04,4.851351843353500044e+03,-1.573808595775437425e+04,-1.359828611267225824e+03
1.954982833583199317e+04,-7.439587132471081077e+01,1.453208429932384661e+03,8.193652515396787521e+02
4.080796773673389544e+04,8.542335640457489717e+03,-2.723740740816320613e+04,-2.668331126598444826e+03
2.309194321058713103e+04,1.186718373156042617e+03,-3.389328855796681637e+03,2.371963749589625650e+02
9.268596974720022990e+04,2.961812964254632971e+04,-9.828376294892010628e+04,-1.133693036740957905e+04
5.033925341330390802e+04,1.296731796173700968e+04,-4.054336863065952639e+04,-4.258678207476594253e+03
2.973963310752359394e+04,3.838947066255997925e+03,-1.231687385438312776e+04,-8.852655891803806298e+02
5.287769726928226009e+04,1.411406607592316504e+04,-4.375626971184868307e+04,-4.620419847776211100e+03
1.440978605548425403e+05,5.443748749455466168e+04,-1.671521886737032910e+05,-1.944564832265445875e+04
1.940609669508263760e+05,6.277547756607267365e+04,-2.461797589843110472e+05,-2.904487731852386787e+04
4.475247257028943568e+04,9.967809612995926727e+03,-3.287628942790158180e+04,-3.330051225663477453e+03
5.469458645048760809e+04,1.514964492800267180e+04,-4.494134648155767354e+04,-4.846009761650249857e+03
5.163984319218717428e+04,1.296910650104733213e+04,-4.254478534076526557e+04,-4.444113520883041929e+03
6.818761905935023970e+04,2.128463209625580203e+04,-6.439743968611078162e+04,-7.073093551091253175e+03
4.534833868598724075e+04,1.111924220008807970e+04,-3.298244014536926989e+04,-3.329544700921040203e+03
8.502076443205350370e+04,2.871285445986680134e+04,-8.673263752263149945e+04,-9.833537121373035916e+03
3.290130843307622126e+04,5.454420587070333568e+03,-1.652445765883994318e+04,-1.378460423728178284e+03
1.395101607546014129e+05,4.642026057706376014e+04,-1.620421417400825012e+05,-1.918742868178896606e+04
1.531517546559869661e+05,5.928081839411448163e+04,-1.780102178097107681e+05,-2.072438715416446939e+04
4.988900081488106662e+04,1.190379365620381577e+04,-3.717185266145916103e+04,-4.004554043998427005e+03
5.986792892799703259e+04,1.583704808331562890e+04,-5.344963022437268228e+04,-5.811885723940747994e+03
3.524469327165380673e+04,6.390814900434006631e+03,-1.862933537632097432e+04,-1.620169240114335480e+03
1.287852252620261715e+05,3.493103613648125611e+04,-1.556964323270750756e+05,-1.822694267381932150e+04
5.360585803840775043e+04,8.184562171720153856e+03,-4.625474059997592849e+04,-5.194530672261869768e+03
5.196146109682873794e+04,1.195764726821591648e+04,-4.196845873739635863e+04,-4.459304158527716936e+03
2.435642914332569126e+04,2.763619464859409163e+03,-2.629507275214862148e+03,3.605461315992592972e+02
4.522563906158835016e+04,1.051267290317100196e+04,-3.133077673232759480e+04,-3.145538851591891216e+03
4.703425724142499384e+05,6.466291106325216824e+05,-2.662693820538594155e+05,-2.277657617801846936e+04
1.542812947583622299e+05,5.402186706238311308e+04,-1.830355449197042035e+05,-2.136488329359197814e+04
9.704251998270844342e+04,3.186988088071898528e+04,-1.025311803860528307e+05,-1.172330779169867310e+04
3.920474301399243268e+04,8.052583316399896830e+03,-2.219229838935081716e+04,-2.092529449614923578e+03
2.610427286248540622e+04,2.052413712883897006e+03,-5.135089048321242444e+03,2.659733553313435550e+01
7.462837148830723891e+04,2.267364852431690815e+04,-7.092948764096225204e+04,-7.938700603209959809e+03
7.129335829424485564e+04,1.996711955051945915e+04,-6.774435547035795753e+04,-7.510522671901631838e+03
6.678435244113528461e+04,1.962496728320137117e+04,-6.095349963955394196e+04,-6.590396813731589646e+03
8.298207428220511065e+04,2.947278421041188994e+04,-8.123796966188191436e+04,-9.046493998623816879e+03
7.235304204190788732e+04,2.172022076067218586e+04,-6.888069639595328772e+04,-7.624383309078581078e+03
1.722186334786023945e+05,6.233892589554878214e+04,-2.079696474461938778e+05,-2.422606648958609730e+04
3.623634347129847447e+04,6.705293698270330424e+03,-1.904914299370946901e+04,-1.629643159356789511e+03
6.632086809808877297e+04,1.974521869302374034e+04,-5.895054726557341201e+04,-6.476170253790362040e+03
5.300224718887994823e+04,1.171877645343664335e+04,-4.481677373847401759e+04,-4.739818421789546846e+03
6.696802688796557777e+04,1.933794641639695692e+04,-6.192696066044150939e+04,-6.802585190460220474e+03
4.054336142678164761e+05,9.712109467858940479e+04,-5.768228361008971697e+05,-6.983174912083050003e+04
6.466270186261340132e+04,2.118779500590882162e+04,-5.769965046611925936e+04,-6.188595109416091873e+03
6.717329109551175497e+04,1.281515269128415457e+04,-6.784417107383819530e+04,-7.709978007108988095e+03
5.434684162521359394e+04,1.620529477853486605e+04,-4.212617891004237026e+04,-4.540631701682408675e+03
3.898921722722989216e+04,6.999817891074482759e+03,-2.408725773554586704e+04,-2.330842578613548540e+03
5.785377330534534121e+04,1.638601194403872432e+04,-5.049310007482248329e+04,-5.359943783864091529e+03
5.047129712329305767e+04,1.294376373401383898e+04,-3.920446850381151307e+04,-4.079059889554613619e+03
4.288222550378877349e+04,9.964523364699140075e+03,-2.940614615323777616e+04,-2.787686978369012650e+03
4.420892492393447901e+04,8.054621807384170097e+03,-3.068622834936225627e+04,-3.220472538137522861e+03
5.236913556129310746e+04,9.449070067980082968e+03,-4.472020560069716885e+04,-4.769720758424931773e+03
6.088198204991315288e+04,1.692896415036135659e+04,-5.336513397032127250e+04,-5.772269865911024681e+03
2.959082065004346805e+04,3.512543449072027215e+03,-1.077190777244290803e+04,-5.581634939657410541e+02
4.479237515377481759e+04,8.263084865167449607e+03,-3.107796174634186536e+04,-3.141960824488714934e+03
7.171606766350555699e+04,1.018310018198350372e+04,-7.726876059974583040e+04,-8.785485666379703616e+03
7.075234900560749520e+04,1.966910153745631760e+04,-6.709713605154539982e+04,-7.496656829328487220e+03
4.450816330787529296e+04,9.114236890217260225e+03,-2.804138423600930400e+04,-2.800797504160649623e+03
1.071160302858872747e+05,3.253276531016786612e+04,-1.181268785421817593e+05,-1.357376875135319278e+04
4.619814647480042186e+04,9.770330997017319532e+03,-3.292771208345173363e+04,-3.284556321182280954e+03
6.112465885097409046e+04,1.476688668139177025e+04,-5.462595434795071196e+04,-5.862044908256346389e+03
2.324716001056626556e+04,6.336642051807926919e+02,-1.369916307188392693e+03,5.954128630728092730e+02
5.301643516804464161e+04,1.175665510262568023e+04,-4.235630966704904858e+04,-4.441453642172617037e+03
3.815330020284985949e+04,6.714752199896084676e+03,-2.134910556582824938e+04,-1.798690683821182574e+03
4.869266753705244628e+04,8.257973060829841415e+03,-3.644769518604991754e+04,-3.807470107395283776e+03
2.711196841808970566e+04,2.682470421370052918e+03,-5.334078726015928623e+03,6.558529590825810374e+01
4.788654298000541894e+04,1.110215583817642255e+04,-3.455113032265195943e+04,-3.484011141470831717e+03
2.383289370889359634e+04,1.685550734884556732e+03,-1.141058156091973387e+03,5.940076188282907879e+02
5.818830382104168530e+04,1.411591743870097162e+04,-5.035423087081343692e+04,-5.383887635147835681e+03
3.565645662508092209e+04,5.596864749885257879e+03,-2.055501592758069819e+04,-1.704436087262535693e+03
2.693919529942360896e+04,2.062184560857796441e+03,-7.888642546916942592e+03,-2.106875281856673610e+02
4.277100360275711137e+04,8.948216358371242677e+03,-2.798390651063333280e+04,-2.696405864512087646e+03
4.515500374587593251e+04,1.563501454430804915e+04,-2.793773981565513532e+04,-2.534846662246851338e+03
4.610931358543362148e+04,1.043491441320406011e+04,-3.204949319095249666e+04,-3.140232344116946479e+03
7.878950426076275471e+04,2.762182383853883221e+04,-7.450253037244663574e+04,-8.177072211799404613e+03
2.036934798701247928e+04,3.255954693429883946e+02,2.586265575741947487e+03,1.073690071069047917e+03
3.892758574038193183e+04,1.144990114586094569e+04,-1.964307674277442129e+04,-1.574210475153689913e+03
1.885316942736953206e+05,1.108097896742899466e+05,-1.943302822412704118e+05,-2.207660111417366716e+04
3.497625822798179433e+04,5.877335605960893190e+03,-1.666681647168182099e+04,-1.249225366830894927e+03
2.469230239736114163e+04,5.983867960127481638e+02,-2.087984132847175260e+03,4.206342880738494614e+02
4.357708210804915143e+04,9.210831816709884151e+03,-2.729009766678845699e+04,-2.646051329495432583e+03
8.760899100110869040e+04,3.324827507585497369e+04,-8.382651983328453207e+04,-9.271690749827423133e+03
5.898261980873207795e+05,3.233301126113057253e+05,-7.097925115901324898e+05,-8.330489912163768895e+04
2.551728033942569746e+05,9.052371685138280736e+04,-3.282239883049727650e+05,-3.892887224226430408e+04
1.156320280388946994e+05,3.257035734719896936e+04,-1.353524959712591371e+05,-1.579031073860746255e+04
3.296982816572921001e+05,1.424390861847056658e+05,-4.144834351472135168e+05,-4.886862541094899643e+04
1.303830399366393394e+05,4.218603735571911966e+04,-1.522851193147791491e+05,-1.775943058774122619e+04
5.258999574386074528e+04,1.178028674218784363e+04,-4.371434959249395615e+04,-4.701070325158347259e+03
3.604964496231540397e+04,5.595786891011553053e+03,-2.210210334958447493e+04,-1.909007347677274083e+03
5.855652674592554831e+04,1.549056236593479480e+04,-5.188918647291750676e+04,-5.553454360809406353e+03
4.054940123901244806e+04,7.970685663133477647e+03,-2.676905226127875721e+04,-2.540722880903236728e+03
4.632694243425143213e+04,1.007503478930891106e+04,-3.451263661928361398e+04,-3.553164241430380571e+03
4.651901031583111762e+04,1.008776686202202472e+04,-3.525857292232423060e+04,-3.548126859267911641e+03
4.402001462013609125e+04,1.074353107604911929e+04,-3.034709185112524210e+04,-2.961882280922465725e+03
5.739978770341001655e+04,1.231647974630989484e+04,-5.078207709946173418e+04,-5.528399299274915393e+03
2.596908810476258077e+04,1.728520945823871443e+03,-5.599684679287685867e+03,-7.522804157573887096e+01
6.865272553896247700e+04,2.240510694231541493e+04,-6.354361572980790515e+04,-6.819808624225475796e+03
4.057286471812686796e+04,6.094284967708353179e+03,-2.631892835844790170e+04,-2.609320056306474726e+03
1.414499454771790770e+05,4.489538058234356140e+04,-1.688702662562060577e+05,-1.969687848619082797e+04
9.338003603463219770e+04,4.693152600343469385e+04,-8.319416038981497695e+04,-9.107834638243628433e+03
7.491334430419269484e+04,3.129755254745305865e+04,-6.348711721841467806e+04,-6.968627582787405117e+03
1.289156969621789030e+05,5.588577221564918727e+04,-1.395210802858391835e+05,-1.579859654512348789e+04
1.553589901918910327e+05,5.302837554683312919e+04,-1.872375698459062842e+05,-2.193917140719364397e+04
1.412075661997966527e+05,4.871036969101478462e+04,-1.679980968033638783e+05,-1.957212197947486857e+04
7.403401770965841133e+05,2.687615808546640910e+05,-1.014345729007826536e+06,-1.219252944479694124e+05
1.832705943151617830e+05,6.179674508607813186e+04,-2.313454133476825955e+05,-2.720973277624409820e+04
3.652210257115915738e+04,5.899413422073053880e+03,-2.035342611516649413e+04,-1.895905110387736386e+03
4.708245355314631161e+04,1.060967723289263267e+04,-3.584108701820103306e+04,-3.662562817533305861e+03
3.549560191701561416e+04,5.375684956999176393e+03,-1.915625672031487557e+04,-1.760638985716410389e+03
2.320146968032284713e+04,1.176901975292912311e+03,-2.607396554359125275e+03,3.218849174280694569e+02
5.042457596069620195e+04,1.120205725918904500e+04,-4.093190755199179694e+04,-4.329429654442921674e+03
8.052369326358677063e+04,1.824088514894818218e+04,-8.524631975125327881e+04,-9.778132388905101834e+03
3.891253482028628059e+04,6.964535500548234268e+03,-2.307314914195374877e+04,-2.163282700292980735e+03
5.138995902039963403e+04,1.241291569187015557e+04,-4.056314203971385723e+04,-4.230996190099927844e+03
4.172671036588515562e+04,8.190394236574985371e+03,-2.727915939500443710e+04,-2.682108644697806085e+03
4.434074652332936967e+04,9.172606418869085246e+03,-2.906096684411820024e+04,-3.171452119450788814e+03
3.710733308740978100e+04,6.101361153676753929e+03,-2.285480140256489176e+04,-2.162147809599628090e+03
3.620476596837598481e+04,6.131452699894114630e+03,-2.035298088202018334e+04,-1.837705253701959009e+03
3.758290338378964952e+04,7.089754574783041789e+03,-2.194189633353127283e+04,-2.032965400268510166e+03
8.761814632556674769e+04,2.842558808085244527e+04,-9.155694872533237503e+04,-1.035630643686239637e+04
3.174831189433820691e+04,4.548748125442385572e+03,-1.282191157914577161e+04,-9.850221114672367548e+02
3.136368528340116609e+04,4.606747405753589192e+03,-1.319916537111438083e+04,-9.632887948057777976e+02
4.659592098562672618e+04,1.107730426418637217e+04,-3.348988213429754978e+04,-3.415010869694151552e+03
5.454658662909380655e+04,2.934474951743459314e+03,-5.237251846597511758e+04,-5.924026954322634992e+03
3.193671871655851646e+04,4.386336403615875497e+03,-1.476925689863878506e+04,-1.067877970505406665e+03
2.266956024306812833e+04,3.549735045708624739e+02,-1.022067437399463870e+03,5.084654626979728391e+02
4.575207204597580858e+04,1.065502840360683876e+04,-3.249890727842986962e+04,-3.225587052756658522e+03
3.253105328677459329e+04,4.282719904383629000e+03,-1.521491025333002472e+04,-1.103842588780328697e+03
4.565440016144046967e+04,8.666568974117424659e+03,-3.398688544881105918e+04,-3.426006251425580558e+03
2.827795682203335673e+04,2.002979916340882482e+03,-8.912588136831045631e+03,-4.330157238143451650e+02
2.911451613651455045e+04,3.516807319043348343e+03,-1.057201058942465534e+04,-4.290872012394083868e+02
3.958112979582941625e+04,6.829380485801525538e+03,-2.519409459034672545e+04,-2.232235379528317935e+03
2.385880363810986091e+04,4.880474822350800537e+02,-2.272438941845282898e+03,3.944031954093985064e+02
3.411457701037057996e+04,1.505203308139147566e+03,-2.021117038394335759e+04,-1.744968447171752359e+03
1.916283696834051807e+04,-7.662915655738290752e+02,3.339858846959244147e+03,1.206781889894431743e+03
3.044539267691047280e+04,2.813316314008519385e+03,-1.284687838646530872e+04,-8.116399964496868051e+02
3.305512976397851162e+04,5.303199826892811870e+03,-1.356087229703182311e+04,-9.926618123937450946e+02
3.256913199592214005e+04,4.475807053371759139e+03,-1.455975300364396935e+04,-9.402081268383026327e+02
4.240985598439568275e+04,7.445980540463409852e+03,-2.651683860113289120e+04,-2.641823805784095384e+03
3.551379980448041897e+04,5.135821091081999839e+03,-1.771415459439667029e+04,-1.460341891265667982e+03
2.795722432936860423e+04,1.737861069158283499e+03,-6.353839646529161655e+03,-1.447165548351040343e+02
3.032945204855391421e+04,3.111881603677853946e+03,-1.129227356362665159e+04,-5.806151584121821543e+02
6.316141060319716053e+04,1.747393052860517128e+04,-5.381613485540923284e+04,-5.966626823147886171e+03
6.406761643338754220e+04,1.704878657674204078e+04,-5.665206160729339172e+04,-6.213819014477197925e+03
3.536281290042594628e+04,5.459631913864657690e+03,-1.676588154106313959e+04,-1.466551145028702194e+03
3.199592912296917712e+04,5.507784398806707031e+03,-1.234543626624165881e+04,-7.516397367992367435e+02
2.410643881595725179e+04,1.250574578885395795e+03,-3.245656057555101597e+03,3.153081833952755915e+02
2.483685454801918968e+04,1.803451200259433108e+03,-2.751350329495143342e+03,3.007377564689613791e+02
3.406792955645149050e+04,4.475822582793330184e+03,-1.667797929760528859e+04,-1.339204795180859946e+03
9.272885195646830834e+04,2.591169568177340989e+04,-1.022146682389753551e+05,-1.159684455912798148e+04
2.099720104256358172e+04,-1.694503999171181476e+02,-1.336959625294515206e+02,7.773052777948079211e+02
2.229706196448635455e+04,1.939032008158263807e+02,3.323253660675798073e+02,6.383379217902343044e+02
3.860064542390219140e+04,6.645746178857772975e+03,-2.279306364568233039e+04,-2.159885523463076424e+03
3.397695296966395836e+04,5.178027504283562848e+03,-1.540858391413195568e+04,-1.163477704814513345e+03
4.303364034406641440e+04,8.438971248150595784e+03,-2.521418795459370813e+04,-2.557410145357956935e+03
1.360886434762068675e+05,4.299709782581024047e+04,-1.600538524167066498e+05,-1.860269711706611270e+04
8.960475561676039069e+04,2.579333476690437965e+04,-9.503348575857732794e+04,-1.073218754302484740e+04
3.080893038928538590e+04,3.410310863865448482e+03,-1.236277999578376875e+04,-7.526697754669789902e+02
2.381940547103027056e+05,1.304288701284868293e+05,-2.641688479569866904e+05,-3.034527511635294650e+04
6.037296100121861673e+04,1.316764003746235358e+04,-5.095215076631389093e+04,-5.685516527301620954e+03
3.208688457538808871e+04,7.494250473275830700e+03,-2.230092739427908964e+04,-2.340672957044789655e+03
1.761008653107993450e+04,1.061369978190420170e+03,-3.744113075419746565e+03,2.092051716089520141e+01
2.626291242956364295e+04,4.781797820543341004e+03,-1.528199203106579444e+04,-1.489332231690287699e+03
7.151427200293404167e+04,2.590561781366889772e+04,-7.523492556467741088e+04,-8.701630269868579489e+03
1.874217111101585033e+04,1.403716826535106065e+03,-3.228526708401126143e+03,1.061626489409479746e+02
1.969264536322163622e+04,1.701402895342646843e+03,-4.661852778997367750e+03,-9.188181286646840817e+01
1.941499945135218513e+04,1.321146764936494719e+03,-5.556931892325953413e+03,-2.110709260459341294e+02
1.758761131104586093e+04,3.761235208019466540e+02,-1.700321142222593608e+03,1.982483129144333134e+02
1.323338812958507151e+04,-8.298947319010108004e+02,3.707593770408795535e+03,8.600560607937395616e+02
3.122272209005167679e+04,7.061205837827897994e+03,-2.110161273150410125e+04,-2.135255447552603073e+03
4.119351961384493916e+04,1.049287681568298467e+04,-3.379676544232107699e+04,-3.571220017631303563e+03
1.838655056939430870e+04,1.370487770168238512e+03,-2.355151877366266945e+03,2.119284914654522254e+02
1.402912970714191943e+04,-6.552068743751655120e+02,3.151851279153469477e+03,8.686486954318893368e+02
2.344592958194512903e+04,3.305418236318870186e+03,-9.764111200433384511e+03,-7.505211376885754362e+02
4.032032793926227896e+04,1.136132542686168199e+04,-3.165492803692850430e+04,-3.450728152362904439e+03
4.602495937737061467e+04,1.539526311153248389e+04,-3.863343167518136033e+04,-4.214653718671248498e+03
2.662357123212092483e+04,4.639537961238899697e+03,-1.518394059151134752e+04,-1.290936118127513510e+03
4.131620575012210611e+04,1.273698786023535831e+04,-3.240815535540036217e+04,-3.569451716831759768e+03
3.310544433874558308e+04,7.046101027877439265e+03,-2.233612493729667040e+04,-2.150997720876464882e+03
3.690224903028234257e+04,8.677454630353806351e+03,-2.736207895080983508e+04,-2.809874729331657363e+03
4.929820947535871528e+04,1.331982775063869667e+04,-4.466801375511247898e+04,-4.934302932248050638e+03
3.339482825270532339e+04,7.073159899890177257e+03,-2.350111080981176201e+04,-2.256771167036475163e+03
3.582863383539603819e+04,9.522612243859421142e+03,-2.442249049349328561e+04,-2.561610633077882085e+03
3.301315676524909941e+04,7.836769095126938737e+03,-2.250214648628349460e+04,-2.157009718716657517e+03
2.289069376700252906e+04,2.509504952712446084e+03,-6.397805506839738882e+03,-4.445877668578864359e+02
2.678188944632665880e+04,3.877804770186992755e+03,-1.112244831429525948e+04,-1.013488180597063547e+03
3.314338530171931779e+04,6.209245353660079672e+03,-2.165605572969347486e+04,-2.110919873979511976e+03
3.550867642384013016e+04,7.411474255492301381e+03,-2.312568665651192350e+04,-2.479071446710928285e+03
3.460486583002603584e+04,7.441710208333499395e+03,-2.419398204240175619e+04,-2.301448014644180148e+03
3.050058239142465391e+04,6.109198120209141962e+03,-1.735369573893512643e+04,-1.572109529971437951e+03
2.381234671136018733e+04,2.146746247131834934e+03,-8.610508163117727236e+03,-5.486741793030914778e+02
4.348634629228463018e+04,1.073172384222938672e+04,-3.621558648267177341e+04,-3.796797052683006768e+03
2.702938779948577576e+04,4.044275338862052195e+03,-1.221403255561726110e+04,-9.372471651942105382e+02
2.394364025472542562e+04,3.208294194369651905e+03,-1.073839102339942110e+04,-8.208910109943417410e+02
7.035286326383205596e+04,2.017824705101588916e+04,-7.501023263873683754e+04,-8.486756009075590555e+03
6.416599319138176506e+05,2.408025238020116522e+05,-8.723953254938451573e+05,-1.045098480762296822e+05
3.540874662322461372e+05,2.127115838241635647e+05,-4.116857503936663270e+05,-4.749023181774912518e+04
